col_s,row_s,proportion_lichen
0,0,
1,0,
2,0,
3,0,
4,0,
5,0,
6,0,
7,0,
8,0,
9,0,
10,0,
11,0,
12,0,
13,0,
14,0,
15,0,
16,0,
17,0,
18,0,
19,0,
20,0,
21,0,
22,0,
23,0,
24,0,
25,0,
26,0,
27,0,
28,0,
29,0,
30,0,
31,0,
32,0,
33,0,
34,0,
35,0,
36,0,
37,0,
0,1,
1,1,
2,1,
3,1,
4,1,
5,1,
6,1,
7,1,
8,1,
9,1,
10,1,
11,1,
12,1,
13,1,
14,1,
15,1,
16,1,
17,1,
18,1,
19,1,
20,1,
21,1,
22,1,
23,1,
24,1,
25,1,
26,1,
27,1,
28,1,
29,1,
30,1,
31,1,
32,1,
33,1,
34,1,
35,1,
36,1,
37,1,
0,2,
1,2,
2,2,0.17087519315508806
3,2,0.24976500419553485
4,2,
5,2,
6,2,
7,2,
8,2,
9,2,
10,2,
11,2,
12,2,
13,2,
14,2,
15,2,
16,2,
17,2,
18,2,
19,2,
20,2,
21,2,
22,2,
23,2,
24,2,
25,2,
26,2,
27,2,
28,2,
29,2,
30,2,
31,2,
32,2,
33,2,
34,2,
35,2,
36,2,
37,2,
0,3,
1,3,
2,3,0.20967586627477772
3,3,0.2755251296489048
4,3,0.48599883533786664
5,3,0.5607022820958416
6,3,
7,3,
8,3,
9,3,
10,3,
11,3,
12,3,
13,3,
14,3,
15,3,
16,3,
17,3,
18,3,
19,3,
20,3,
21,3,
22,3,
23,3,
24,3,
25,3,
26,3,
27,3,
28,3,
29,3,
30,3,
31,3,
32,3,
33,3,
34,3,
35,3,
36,3,
37,3,
0,4,
1,4,0.24929271994460978
2,4,0.17548798884858935
3,4,0.6715469372595592
4,4,0.9709476406421231
5,4,0.7466951565645218
6,4,
7,4,
8,4,
9,4,
10,4,
11,4,
12,4,
13,4,
14,4,
15,4,
16,4,
17,4,
18,4,
19,4,
20,4,
21,4,
22,4,
23,4,
24,4,
25,4,
26,4,
27,4,
28,4,
29,4,
30,4,
31,4,
32,4,
33,4,
34,4,
35,4,
36,4,
37,4,
0,5,
1,5,0.11048700301253159
2,5,0.3404114833852235
3,5,0.5462402963927571
4,5,0.921059750835668
5,5,0.865692446661684
6,5,0.5827397965279245
7,5,0.5126118236132955
8,5,0.1598705115801347
9,5,0.7109849648537983
10,5,
11,5,
12,5,
13,5,
14,5,
15,5,
16,5,
17,5,
18,5,
19,5,
20,5,
21,5,
22,5,
23,5,
24,5,
25,5,
26,5,
27,5,
28,5,
29,5,
30,5,
31,5,
32,5,
33,5,
34,5,
35,5,
36,5,
37,5,
0,6,
1,6,0.030585143046199373
2,6,0.17527639668783487
3,6,0.5220703789138966
4,6,0.7677808309821618
5,6,0.4587955261876097
6,6,0.6588719630127651
7,6,0.7617152677578554
8,6,0.48894872761026
9,6,0.9488287029803972
10,6,0.906774131291873
11,6,0.24691437446581688
12,6,0.8672928288500243
13,6,1.0
14,6,0.9940263392487891
15,6,
16,6,
17,6,
18,6,
19,6,
20,6,
21,6,
22,6,
23,6,
24,6,
25,6,
26,6,
27,6,
28,6,
29,6,
30,6,
31,6,
32,6,
33,6,
34,6,
35,6,
36,6,
37,6,
0,7,
1,7,0.08877109803795698
2,7,0.5577172622186355
3,7,0.6657098707408443
4,7,0.4013865898784441
5,7,0.4939680589117287
6,7,0.6692935456893145
7,7,0.8398864683684184
8,7,0.30892892351287776
9,7,0.7966839226187474
10,7,0.925548743861451
11,7,0.45753797761464354
12,7,0.8897239200509883
13,7,0.9288307248348053
14,7,0.9997065418246679
15,7,0.4478584431126742
16,7,
17,7,
18,7,
19,7,
20,7,
21,7,
22,7,
23,7,
24,7,
25,7,
26,7,
27,7,
28,7,
29,7,
30,7,
31,7,
32,7,
33,7,
34,7,
35,7,
36,7,
37,7,
0,8,
1,8,0.11667713639844284
2,8,0.5799925718399369
3,8,0.5883836415408389
4,8,0.3867870456556727
5,8,0.8937681405297837
6,8,0.9293132128185569
7,8,0.9531338123426675
8,8,0.5025104429842863
9,8,0.7430269293728707
10,8,0.7358647157811719
11,8,0.592987266666361
12,8,0.7279734420351325
13,8,0.9560246666237788
14,8,0.6737020207346542
15,8,0.6611841954431448
16,8,0.6455758887426692
17,8,0.7393357757612717
18,8,0.75743847695207
19,8,0.7649354162750069
20,8,
21,8,
22,8,
23,8,
24,8,
25,8,
26,8,
27,8,
28,8,
29,8,
30,8,
31,8,
32,8,
33,8,
34,8,
35,8,
36,8,
37,8,
0,9,
1,9,0.36612117071470823
2,9,0.4821196850826956
3,9,0.28518173773092637
4,9,0.7275515959080926
5,9,0.9906093383893732
6,9,0.9858837801325233
7,9,0.6957022133165818
8,9,0.744232859062126
9,9,0.9875280275483862
10,9,0.8935572174662638
11,9,0.6288396021807611
12,9,0.608380065019327
13,9,0.8014998483609194
14,9,0.5126851881571285
15,9,0.5783189431837461
16,9,0.634717936255382
17,9,0.6719871245225573
18,9,0.7661321753962832
19,9,0.9999816588640418
20,9,0.9805028903327788
21,9,0.5572587338196792
22,9,0.9389606995309254
23,9,0.9701039483880434
24,9,
25,9,
26,9,
27,9,
28,9,
29,9,
30,9,
31,9,
32,9,
33,9,
34,9,
35,9,
36,9,
37,9,
0,10,
1,10,0.6270054885849355
2,10,0.562527225123688
3,10,0.8674302692937287
4,10,0.5587856333882039
5,10,0.9888485893373806
6,10,0.9905891867550156
7,10,0.7289913750808157
8,10,1.0
9,10,0.9928102747043638
10,10,0.9251865064262755
11,10,0.6470982030272044
12,10,0.6899614377616478
13,10,0.9495639227651617
14,10,0.5752192912068009
15,10,0.4637602079884818
16,10,0.6137540178550959
17,10,0.3548322015324019
18,10,0.6663380546474146
19,10,0.9762298877981008
20,10,0.6574748876492267
21,10,0.9848364658465122
22,10,0.8883024820142236
23,10,0.9084410492963881
24,10,0.3739207387809564
25,10,0.3719949195053396
26,10,
27,10,
28,10,
29,10,
30,10,
31,10,
32,10,
33,10,
34,10,
35,10,
36,10,
37,10,
0,11,
1,11,0.7210542484948805
2,11,0.874376974537918
3,11,0.891420475127127
4,11,0.80895872785881
5,11,0.8056619086703135
6,11,0.777237595463694
7,11,0.7032266643434562
8,11,1.0
9,11,0.9815121349540784
10,11,0.7982245780392409
11,11,0.7684844260829294
12,11,0.9385205122679273
13,11,1.0
14,11,0.7791727230626029
15,11,0.5342268523400997
16,11,0.9965335253038897
17,11,0.8402120235316775
18,11,0.9032229961162644
19,11,0.8828459940666425
20,11,0.7182637784782788
21,11,0.8855421410525061
22,11,0.5408938552609256
23,11,0.9016915112637501
24,11,0.8770226833998964
25,11,0.511639743407508
26,11,0.8323390909215962
27,11,0.5110696528843591
28,11,0.03022619205920519
29,11,
30,11,
31,11,
32,11,
33,11,
34,11,
35,11,
36,11,
37,11,
0,12,
1,12,0.4978793061548267
2,12,0.8132459683890522
3,12,0.9140167546276978
4,12,1.0
5,12,0.9909715758245486
6,12,0.8525057209289502
7,12,0.6846195819138058
8,12,0.7764857466447185
9,12,0.7754036196231814
10,12,0.6981828519549358
11,12,0.899926176927768
12,12,0.8943550568804479
13,12,0.7439964709450332
14,12,0.9282494761313042
15,12,0.7537885908963772
16,12,0.9859140075840597
17,12,0.9379335959172631
18,12,0.7443337353098964
19,12,0.9264061919674995
20,12,0.7872273942891803
21,12,0.9435001306805937
22,12,0.8095548147774533
23,12,0.9661055807491437
24,12,0.9524597755962015
25,12,0.8916864215985217
26,12,0.710902429741986
27,12,0.7778901030226724
28,12,0.34053070076895214
29,12,0.06866921302770887
30,12,0.44312184475145466
31,12,0.20233024132349636
32,12,0.17388313945224199
33,12,0.14347353603345422
34,12,0.012673351039876483
35,12,0.004401872629981338
36,12,
37,12,
0,13,
1,13,
2,13,0.8246225105917601
3,13,0.9967650329470366
4,13,0.82854674619294
5,13,0.8769425885250572
6,13,0.8167216194809261
7,13,0.925099484427126
8,13,0.9876942588525057
9,13,0.7264522888310925
10,13,0.8506033397358723
11,13,0.686097912894836
12,13,0.9257979432226521
13,13,0.877157435207869
14,13,0.9854426482616647
15,13,0.8320758011598092
16,13,1.0
17,13,0.9670621536425545
18,13,0.9061491944748233
19,13,0.9071049801950171
20,13,0.7748346810587781
21,13,0.9624854104823961
22,13,0.9835494573158964
23,13,0.8139893944546047
24,13,0.9153026807951402
25,13,0.8077951677679647
26,13,0.7671834649070407
27,13,0.7271362522794673
28,13,0.7938811333412982
29,13,0.31167804725625164
30,13,0.9445552379814541
31,13,0.7114997564584463
32,13,0.7670639916920164
33,13,0.8125373353796951
34,13,0.447466337563779
35,13,0.3644300668130979
36,13,0.21403166959222872
37,13,
0,14,
1,14,
2,14,0.5893969893025325
3,14,0.8582597013146009
4,14,0.5876912636584147
5,14,0.8151030084048255
6,14,0.8032184246078062
7,14,0.806519356776362
8,14,0.9168825571211753
9,14,0.5928955609865697
10,14,0.7000857448106048
11,14,0.8783249040529325
12,14,0.6510232061222712
13,14,0.6739484059516042
14,14,0.7149053826648754
15,14,0.8135073295764573
16,14,0.9906093383893732
17,14,0.9009578658254199
18,14,0.8891094919963868
19,14,0.9483146788696358
20,14,0.8611905046364797
21,14,0.9812186767787463
22,14,0.9715024600048604
23,14,0.809431012109735
24,14,0.9577420227521791
25,14,0.9098716579011321
26,14,0.962180577654077
27,14,0.801467682495336
28,14,0.8491854242992539
29,14,0.7801998266762652
30,14,0.8698512992402184
31,14,0.8446138961616587
32,14,0.9203261053973378
33,14,0.8224578039240861
34,14,0.9238312302984073
35,14,0.5756869901737364
36,14,0.11989142047512713
37,14,
0,15,
1,15,
2,15,
3,15,0.7009661193366011
4,15,0.9141084603074892
5,15,0.9189138379285521
6,15,0.45843710654253705
7,15,0.585343598255758
8,15,0.5126255794652642
9,15,0.8113935136572684
10,15,0.7943683542040176
11,15,0.9867118469982439
12,15,0.9718280151681195
13,15,0.9294189006626168
14,15,0.87498681730853
15,15,0.6747016126443791
16,15,0.8990503876857613
17,15,0.9470307993525579
18,15,0.9621438953821605
19,15,0.9317709742352893
20,15,0.9637996158476625
21,15,0.99547890998629
22,15,0.9822778773803356
23,15,0.8200780415335024
24,15,0.9718280151681195
25,15,0.9856022082727693
26,15,0.9997248829606261
27,15,0.8451397377103418
28,15,0.9455864348958453
29,15,0.9411616358459162
30,15,0.9104952565237128
31,15,0.7615652325426775
32,15,0.9781373659377594
33,15,0.8867251443218136
34,15,0.9372122303811196
35,15,0.5916804607293352
36,15,0.30697100724933396
37,15,
0,16,
1,16,
2,16,
3,16,0.7350852175029461
4,16,0.4722659097891228
5,16,0.6878522071264483
6,16,0.8636902519046787
7,16,0.7791452113586655
8,16,0.3381922059342745
9,16,0.6831339499011871
10,16,0.8389739968544951
11,16,0.956944183337995
12,16,0.9019849694390822
13,16,0.7232632730146769
14,16,0.6345253543278203
15,16,0.9098808284691112
16,16,0.7875362810595674
17,16,0.9129896510140355
18,16,1.0
19,16,1.0
20,16,0.9903226695830385
21,16,0.9917556593867641
22,16,1.0
23,16,0.8073447078944834
24,16,0.8259793020280711
25,16,0.9245995900756113
26,16,0.9160847177069912
27,16,0.6637426363143433
28,16,0.96677503221162
29,16,0.9501121101935448
30,16,0.9859140075840597
31,16,0.901251324000752
32,16,0.9057999257183994
33,16,0.9775504495870951
34,16,0.9439762524009521
35,16,0.5375374273805649
36,16,
37,16,
0,17,
1,17,
2,17,
3,17,
4,17,0.5724727060970521
5,17,0.9667658616436409
6,17,0.9408883293049416
7,17,0.8650367510511764
8,17,0.527894575150512
9,17,0.7337554851459726
10,17,0.9131547212376598
11,17,0.8624781625849997
12,17,0.9504055683688769
13,17,0.8958928784773599
14,17,0.8585990123298286
15,17,0.5758704015333189
16,17,0.985217044417646
17,17,0.9089179188313028
18,17,0.9477277625189716
19,17,1.0
20,17,0.998823648344377
21,17,1.0
22,17,1.0
23,17,0.8622213866815841
24,17,0.9859140075840597
25,17,0.9765233459734328
26,17,0.9456781405756366
27,17,0.8278436922737591
28,17,1.0
29,17,0.9118158183127072
30,17,0.9831261549184048
31,17,0.963904644434153
32,17,0.9614836144876633
33,17,0.7457551733466612
34,17,0.7239249708209647
35,17,0.23633929267409176
36,17,
37,17,
0,18,
1,18,
2,18,
3,18,
4,18,0.6646185731513281
5,18,0.7430040029529229
6,18,0.850897427649778
7,18,0.9656653934861456
8,18,0.6668011683303605
9,18,0.7244198469432205
10,18,0.9170751390487369
11,18,0.7055376474741963
12,18,0.6930427486026347
13,18,0.8419277462756523
14,18,0.5739720939616395
15,18,0.7488777517435542
16,18,0.7819193081723517
17,18,0.8999307622117576
18,18,0.7231588938460903
19,18,0.868237279275892
20,18,0.7659060205310125
21,18,1.0
22,18,0.98664765302239
23,18,0.9804850313404161
24,18,0.9906093383893732
25,18,0.9584756681905093
26,18,1.0
27,18,1.0
28,18,0.9960383146330168
29,18,0.9765233459734328
30,18,1.0
31,18,0.9873812984607202
32,18,0.7469656883199061
33,18,0.41919583289391027
34,18,0.09749014345976051
35,18,0.17311281174199525
36,18,
37,18,
0,19,
1,19,
2,19,
3,19,
4,19,0.6010665370559726
5,19,0.9436010069283641
6,19,1.0
7,19,0.9530466919468658
8,19,0.6470294237673611
9,19,0.5707578098849552
10,19,0.8333020005594046
11,19,0.9348660409282449
12,19,0.8952354314064441
13,19,0.875894900331768
14,19,0.8786550445001812
15,19,0.7978394141841175
16,19,0.6876183576429806
17,19,0.6723172649698059
18,19,0.7901774046375563
19,19,0.8407989398823417
20,19,0.8159009658949923
21,19,0.7944325481798715
22,19,0.7784390776242727
23,19,0.7837213247802503
24,19,0.9615569790314963
25,19,0.9326513487612855
26,19,0.9257550816409814
27,19,1.0
28,19,0.9945710237563563
29,19,1.0
30,19,0.904626093017071
31,19,0.9320644324106213
32,19,0.7888568428485618
33,19,0.5351760061259394
34,19,0.6752074698330132
35,19,
36,19,
37,19,
0,20,
1,20,
2,20,
3,20,
4,20,0.5561202451957982
5,20,0.8074275578755824
6,20,0.9905689918768075
7,20,0.9811783735100311
8,20,0.817435737195688
9,20,0.8190716012167888
10,20,0.8376634715240188
11,20,0.9879423955298637
12,20,1.0
13,20,0.7315109874928623
14,20,0.8923638235104907
15,20,0.8567791859278934
16,20,0.8532501309610242
17,20,0.8908933839409618
18,20,0.9750025273180102
19,20,0.9429469447022819
20,20,0.9313304721030042
21,20,1.0
22,20,0.910597274172648
23,20,0.8979514938747002
24,20,0.9585336041392873
25,20,0.990001010927204
26,20,0.7453198665576091
27,20,0.878575770413896
28,20,1.0
29,20,0.9905891867550156
30,20,0.9450055600996223
31,20,0.9435351205300935
32,20,0.8541323947027415
33,20,0.7347327016570016
34,20,1.0
35,20,
36,20,
37,20,
0,21,
1,21,
2,21,
3,21,
4,21,0.48509553439192254
5,21,0.8652522593986859
6,21,0.8438898640762423
7,21,0.9865009239347239
8,21,0.7162259444538698
9,21,0.7427839093214238
10,21,0.6463828987248326
11,21,0.9785775532007575
12,21,0.9483513611415523
13,21,0.9852956043047119
14,21,0.8951345551586738
15,21,0.8783157334849534
16,21,0.9624373535574926
17,21,0.9545139828235262
18,21,0.9468840702648919
19,21,0.9530466919468658
20,21,0.9200080874176324
21,21,0.9162176909426886
22,21,0.8726391519058733
23,21,0.9925168165290317
24,21,0.9765233459734328
25,21,0.9859140075840597
26,21,1.0
27,21,0.9482405271525857
28,21,0.9697738079407948
29,21,0.8085185405958119
30,21,0.8179092022064387
31,21,0.8892195388121363
32,21,0.4857787417063676
33,21,0.36239792011518235
34,21,
35,21,
36,21,
37,21,
0,22,
1,22,
2,22,
3,22,
4,22,0.6975592533323551
5,22,0.8495063941785235
6,22,0.8861374309582671
7,22,0.8479886651779778
8,22,0.9747625969214403
9,22,0.8909802878641289
10,22,0.9624373535574926
11,22,0.9577420227521791
12,22,0.9124027346633714
13,22,0.8769242080304381
14,22,0.9801457203251883
15,22,0.8340952546895992
16,22,0.9380803250049292
17,22,1.0
18,22,0.8676503629252278
19,22,1.0
20,22,0.9811783735100311
21,22,0.8862849570588155
22,22,0.9587691263658414
23,22,0.8664765302238994
24,22,1.0
25,22,0.9859140075840597
26,22,0.9530466919468658
27,22,1.0
28,22,1.0
29,22,1.0
30,22,1.0
31,22,1.0
32,22,0.7928827221913989
33,22,0.42084194984616374
34,22,
35,22,
36,22,
37,22,
0,23,
1,23,
2,23,
3,23,
4,23,0.10063781300294834
5,23,0.5460477144651954
6,23,0.8042844932957146
7,23,0.9597962299795038
8,23,0.9059466548060654
9,23,0.9119625474003732
10,23,0.9281027470436382
11,23,0.8146811622777856
12,23,0.9834196130937369
13,23,0.7942855042229187
14,23,1.0
15,23,0.6689791782254034
16,23,0.6626698274557635
17,23,0.4643517096231355
18,23,0.527032541760474
19,23,0.9234074162383247
20,23,0.963188464401577
21,23,0.9844971548312845
22,23,0.9454121941042418
23,23,0.9872391546570437
24,23,0.9909027965647053
25,23,0.9950112110193545
26,23,0.9138700255400318
27,23,0.970150076738565
28,23,1.0
29,23,1.0
30,23,0.9347055559886102
31,23,1.0
32,23,0.9021500396627065
33,23,0.33554649707229617
34,23,
35,23,
36,23,
37,23,
0,24,
1,24,
2,24,
3,24,
4,24,
5,24,0.7832903080852313
6,24,0.8728069772357574
7,24,0.9185653563453452
8,24,0.9398410740569217
9,24,0.795679745425033
10,24,0.7312656759396393
11,24,0.9929570037920299
12,24,0.9358977298258968
13,24,0.8001488820064148
14,24,0.9413083649335822
15,24,0.7538069320323354
16,24,0.964619948736525
17,24,0.8452879329081247
18,24,0.8131267510053235
19,24,0.569203398612493
20,24,0.9694654033140032
21,24,0.9937869401941409
22,24,0.9480624882502098
23,24,0.9831215696344153
24,24,0.9389606995309254
25,24,0.9530466919468658
26,24,0.9781373659377594
27,24,0.9494168788082087
28,24,0.9675728716258042
29,24,1.0
30,24,0.7600979416660171
31,24,0.9624373535574926
32,24,0.5788508361265355
33,24,0.6452457482954207
34,24,
35,24,
36,24,
37,24,
0,25,
1,25,
2,25,
3,25,
4,25,
5,25,0.6374415949451829
6,25,0.7939914163090128
7,25,0.6521053331438083
8,25,0.8391849199180151
9,25,0.8191563994516
10,25,0.4887224940276676
11,25,0.8523905378079591
12,25,0.9949928698833962
13,25,0.8107682127726057
14,25,0.9498232373022023
15,25,0.8564806111266501
16,25,0.9780089779860516
17,25,0.9659588516614777
18,25,0.9906093383893732
19,25,0.9549541700865243
20,25,0.9394178897354127
21,25,0.9862074657593918
22,25,0.9389606995309254
23,25,0.9768168041487649
24,25,1.0
25,25,1.0
26,25,1.0
27,25,0.9347124831129205
28,25,1.0
29,25,1.0
30,25,0.9531934210345318
31,25,0.9906093383893732
32,25,0.3246702034490506
33,25,0.8628908381440604
34,25,
35,25,
36,25,
37,25,
0,26,
1,26,
2,26,
3,26,
4,26,
5,26,0.8182026603817707
6,26,0.6822196285302038
7,26,0.554704730637492
8,26,0.9426289267225766
9,26,0.6011536574517743
10,26,0.7630692056912545
11,26,0.9317709742352893
12,26,0.7100633227718959
13,26,0.834580143551663
14,26,0.9647620925402015
15,26,0.879728000953739
16,26,0.9632902163795515
17,26,0.9396943449692556
18,26,0.9787242822884236
19,26,0.8085827345716657
20,26,0.9105329424414811
21,26,0.9997065418246679
22,26,0.9269289143423098
23,26,0.8582597013146009
24,26,0.9320644324106213
25,26,0.9828326967430728
26,26,0.963904644434153
27,26,0.8304583176333276
28,26,0.9534868792098639
29,26,0.9295700379202986
30,26,0.9857672784963937
31,26,0.8500887252451981
32,26,0.07107648712222991
33,26,0.8091879920582882
34,26,
35,26,
36,26,
37,26,
0,27,
1,27,
2,27,
3,27,
4,27,
5,27,
6,27,0.5626554182246865
7,27,0.9779158357151391
8,27,0.8844234498350351
9,27,0.8901949251454356
10,27,0.8962972493589803
11,27,0.6800323496705296
12,27,0.710617492716729
13,27,0.9867560647645011
14,27,0.910597274172648
15,27,0.5251491117625975
16,27,0.8725404600637803
17,27,0.9567690766558528
18,27,0.9088327466892134
19,27,0.8714008693973955
20,27,0.7965794175615687
21,27,0.9283895929639466
22,27,0.9291248127487111
23,27,0.9588276920531932
24,27,0.9241253182123131
25,27,0.9670253926533163
26,27,0.9032818373142422
27,27,0.792517821289764
28,27,0.9461819117552454
29,27,0.9980884285596126
30,27,0.8866291091893282
31,27,0.7233643657350819
32,27,0.025493746036705848
33,27,0.600867559346022
34,27,
35,27,
36,27,
37,27,
0,28,
1,28,
2,28,
3,28,
4,28,
5,28,
6,28,0.6785711003483104
7,28,0.9585352768823737
8,28,0.6722072181540564
9,28,0.835369963638698
10,28,0.804405540857173
11,28,0.8845287932908125
12,28,0.9435093012485728
13,28,0.7921671522180662
14,28,0.9195053395632058
15,28,0.819083034907767
16,28,1.0
17,28,1.0
18,28,0.9207662926603359
19,28,0.8019340727867981
20,28,0.7476541893742361
21,28,0.9382270540925952
22,28,0.9655186643984796
23,28,0.973588764220112
24,28,0.9678663298011362
25,28,0.9375300909261816
26,28,0.9879315325394679
27,28,0.9648564942882613
28,28,0.9163644200303546
29,28,0.8864316861464815
30,28,0.7084493028075693
31,28,0.416949043739024
32,28,0.02694312872267744
33,28,
34,28,
35,28,
36,28,
37,28,
0,29,
1,29,
2,29,
3,29,
4,29,
5,29,0.7949965381105879
6,29,0.3011460238395015
7,29,0.7342782075207828
8,29,0.5992370087441365
9,29,0.5582078876055189
10,29,0.7707037035338784
11,29,0.6911306851789866
12,29,0.957155106401515
13,29,0.771535047008115
14,29,0.839638863032982
15,29,0.703112032243717
16,29,0.9970654182466792
17,29,0.8121867677874629
18,29,0.9255533291454406
19,29,0.5598219075698453
20,29,0.8988797088529652
21,29,0.993543920142694
22,29,0.7747708504326215
23,29,0.8684206906354746
24,29,0.8629183498479979
25,29,0.7628857943316719
26,29,0.9187120854330113
27,29,0.9005707143579234
28,29,0.9629050525244282
29,29,0.993397191055028
30,29,0.6857062942193325
31,29,0.24885253268161164
32,29,0.05984712663178794
33,29,
34,29,
35,29,
36,29,
37,29,
0,30,
1,30,
2,30,
3,30,
4,30,
5,30,
6,30,0.6104254165479593
7,30,0.7368505518389281
8,30,0.4587760042918258
9,30,0.04284489359848502
10,30,0.39790177404637556
11,30,0.7463558455492941
12,30,0.8242185529760786
13,30,0.9829429009934657
14,30,0.420071622135917
15,30,0.7900856989577649
16,30,0.8073447078944834
17,30,0.861927928506252
18,30,0.8743081952780746
19,30,0.7909018795079074
20,30,0.8087969047247061
21,30,0.8262819307713823
22,30,0.6657419677287713
23,30,0.702396727941345
24,30,0.8150113027250343
25,30,0.8785083154125151
26,30,0.7049278047035843
27,30,0.6241832167703633
28,30,0.7316049869548671
29,30,0.9897289638633768
30,30,0.6028043596880173
31,30,0.23975532924631687
32,30,0.03787444575379776
33,30,
34,30,
35,30,
36,30,
37,30,
0,31,
1,31,
2,31,
3,31,
4,31,
5,31,
6,31,0.9912508845613035
7,31,0.7187203389441925
8,31,0.6844453411222025
9,31,0.20556745182012848
10,31,0.2908170517541004
11,31,0.4423056642013123
12,31,0.6321501772212262
13,31,0.9042743840236741
14,31,0.8669167174868976
15,31,0.8636886775582445
16,31,0.9005176785624217
17,31,0.970507453379125
18,31,0.9674261425381381
19,31,0.8509966114751317
20,31,0.8537647848103592
21,31,0.8247962987587636
22,31,0.7452874743797258
23,31,0.8035297516151663
24,31,0.8999307622117576
25,31,0.9060933838937315
26,31,0.9094681529100505
27,31,0.7692880315409287
28,31,0.7719829977669667
29,31,0.9812186767787463
30,31,0.5540903025828905
31,31,0.3753330062497421
32,31,0.15846741467932818
33,31,
34,31,
35,31,
36,31,
37,31,
0,32,
1,32,
2,32,
3,32,
4,32,
5,32,0.18574985441723332
6,32,0.7380871419249893
7,32,0.5404765944178753
8,32,0.8328480574444378
9,32,0.6705381747818551
10,32,0.687425775715419
11,32,0.5939593468721486
12,32,0.4272338357276158
13,32,0.9672091975995074
14,32,0.8833503753054945
15,32,0.8049282632319833
16,32,0.9475397658753995
17,32,0.9718280151681195
18,32,0.9219401253616643
19,32,0.9217200317301653
20,32,0.9196404775252502
21,32,0.664724034683088
22,32,0.2517045793231204
23,32,0.8484059260210282
24,32,0.9625840826451586
25,32,0.9690401625024646
26,32,0.937493408654265
27,32,0.8407513946200292
28,32,0.8591400758405972
29,32,0.8228979911870842
30,32,0.6343511135362169
31,32,0.20454034820646616
32,32,
33,32,
34,32,
35,32,
36,32,
37,32,
0,33,
1,33,
2,33,
3,33,
4,33,
5,33,0.3364319783845383
6,33,0.8275433329035348
7,33,0.7208784038378473
8,33,0.7051309150729246
9,33,0.5407633419415316
10,33,0.3684140390217901
11,33,0.49309812427052413
12,33,0.710121219362013
13,33,0.9768645581977933
14,33,0.9760318350166803
15,33,0.9039021790076371
16,33,0.9697870619698377
17,33,0.6804734815413883
18,33,0.921772614901067
19,33,0.5709257336114915
20,33,0.793844056807088
21,33,0.773993438163421
22,33,0.776617253770299
23,33,0.8223938756191929
24,33,0.9353006589407321
25,33,0.95765134039757
26,33,0.981325417466984
27,33,0.8788704894177458
28,33,0.9773552306292562
29,33,0.9750025273180102
30,33,0.8428100100173695
31,33,0.16204244056207553
32,33,
33,33,
34,33,
35,33,
36,33,
37,33,
0,34,
1,34,
2,34,
3,34,
4,34,
5,34,0.5443419888210776
6,34,0.15997463491742564
7,34,0.6449522901200886
8,34,0.8267863120102343
9,34,0.5155005525267208
10,34,0.6355249462375452
11,34,0.6701621814947109
12,34,0.9201702057416926
13,34,0.9094209225170249
14,34,0.9530466919468658
15,34,0.9842999876197333
16,34,0.9859140075840597
17,34,0.7376483912531122
18,34,0.8701447574155505
19,34,0.7578603230791099
20,34,0.8378472764702098
21,34,0.8841573852876577
22,34,0.8249888806863253
23,34,0.9090646479189689
24,34,0.8622213866815841
25,34,0.9455635084758974
26,34,0.9615569790314963
27,34,0.9858837801325233
28,34,1.0
29,34,0.9906093383893732
30,34,0.9148971291536941
31,34,0.09009165982695139
32,34,
33,34,
34,34,
35,34,
36,34,
37,34,
0,35,
1,35,
2,35,
3,35,
4,35,
5,35,
6,35,0.13958147613752286
7,35,0.5794056554892727
8,35,0.848502216984809
9,35,0.6776361943977001
10,35,0.8895129969874684
11,35,0.6345070131918621
12,35,0.8058682464498439
13,35,0.9558638372958617
14,35,0.9602318319585124
15,35,0.8217516701896932
16,35,0.7866559065335712
17,35,0.5562912388978811
18,35,0.8261260311157371
19,35,0.9981292041322579
20,35,0.9762891619413478
21,35,0.9174648881878499
22,35,0.8630650789356639
23,35,0.6886592171086117
24,35,0.854389721627409
25,35,0.9084869021362838
26,35,0.5409855609407168
27,35,1.0
28,35,1.0
29,35,0.9577420227521791
30,35,0.8114531223491327
31,35,
32,35,
33,35,
34,35,
35,35,
36,35,
37,35,
0,36,
1,36,
2,36,
3,36,
4,36,
5,36,
6,36,0.34273189291523837
7,36,0.9174236206319438
8,36,1.0
9,36,0.9847401748827314
10,36,0.8033738519595212
11,36,0.5510089917419035
12,36,0.4364227448427018
13,36,0.6225611381202268
14,36,0.6449201931321616
15,36,0.7904433511089509
16,36,0.6764623616963716
17,36,1.0
18,36,0.8945017859681139
19,36,1.0
20,36,0.9858837801325233
21,36,0.9436560303362389
22,36,0.9658121225738117
23,36,0.8433850400524556
24,36,0.8219259109812966
25,36,0.9996606889847722
26,36,0.731531622411034
27,36,0.9989706923013298
28,36,0.9388139704432594
29,36,0.9475168394554516
30,36,0.24092457666365566
31,36,
32,36,
33,36,
34,36,
35,36,
36,36,
37,36,
0,37,
1,37,
2,37,
3,37,
4,37,
5,37,
6,37,0.5012360882631351
7,37,0.8475484779149797
8,37,1.0
9,37,1.0
10,37,0.946893240832871
11,37,0.7088803195025883
12,37,0.7353007258504556
13,37,0.9807372416391725
14,37,0.197602813530256
15,37,0.48063863835406645
16,37,0.809715299717088
17,37,0.6046613997037906
18,37,0.8354204017625831
19,37,0.9806317604280821
20,37,0.9058918675501558
21,37,0.9708467643943528
22,37,0.8345904653604721
23,37,0.9057999257183994
24,37,0.651224958617812
25,37,0.7797596394132671
26,37,0.9643448316971511
27,37,0.6941164036724228
28,37,0.6225256661271316
29,37,0.34604221212440794
30,37,
31,37,
32,37,
33,37,
34,37,
35,37,
36,37,
37,37,
0,38,
1,38,
2,38,
3,38,
4,38,
5,38,
6,38,0.7951310069753977
7,38,0.8327104989247509
8,38,0.9624373535574926
9,38,0.9007377721939208
10,38,0.8301610810265534
11,38,0.9812186767787463
12,38,0.7757979540462838
13,38,0.9811783735100311
14,38,0.9286254694184485
15,38,0.8319355859305146
16,38,0.9782611686054776
17,38,0.8501116516651459
18,38,0.7126356670900412
19,38,0.7300184786944779
20,38,0.8538383067888357
21,38,0.7430315146568602
22,38,0.8361494619169239
23,38,0.9909027965647053
24,38,0.6946017451590865
25,38,0.6333790333304293
26,38,0.908147591121056
27,38,0.4115622501401513
28,38,0.4171324550986065
29,38,0.5254001806601892
30,38,
31,38,
32,38,
33,38,
34,38,
35,38,
36,38,
37,38,
0,39,
1,39,
2,39,
3,39,
4,39,
5,39,
6,39,
7,39,0.8007602400854696
8,39,0.901398053088418
9,39,0.8110862996299676
10,39,0.7913466520548951
11,39,0.9501900600213674
12,39,0.9490850065798825
13,39,0.7310566027331795
14,39,0.901398053088418
15,39,0.7341268931491272
16,39,0.927809288868306
17,39,0.9901508099904167
18,39,0.7667190917469473
19,39,1.0
20,39,1.0
21,39,0.9542205246481941
22,39,0.9600942734388255
23,39,0.9210368244157202
24,39,0.3369633498250714
25,39,0.6028731389478608
26,39,0.29591130226650586
27,39,0.13250958083282022
28,39,0.3966270650972768
29,39,0.7864816657419678
30,39,
31,39,
32,39,
33,39,
34,39,
35,39,
36,39,
37,39,
0,40,
1,40,
2,40,
3,40,
4,40,
5,40,
6,40,
7,40,
8,40,0.8560347758958193
9,40,0.9905891867550156
10,40,0.9296440617217009
11,40,0.7665171719770979
12,40,0.6575805754932865
13,40,0.9463611412993425
14,40,1.0
15,40,0.7034123388260378
16,40,0.7370854049682477
17,40,0.7947266360937773
18,40,0.434992785655862
19,40,0.698036044149948
20,40,0.991158429884507
21,40,0.9822076812087013
22,40,0.9586760529725855
23,40,0.8287167657681668
24,40,0.8435682054204079
25,40,
26,40,
27,40,
28,40,0.22108518440231226
29,40,0.8302561321925173
30,40,
31,40,
32,40,
33,40,
34,40,
35,40,
36,40,
37,40,
0,41,
1,41,
2,41,
3,41,
4,41,
5,41,
6,41,
7,41,
8,41,0.9802924494128544
9,41,0.9209680451558767
10,41,0.9385205122679273
11,41,0.6543521222986945
12,41,0.939355033954028
13,41,1.0
14,41,1.0
15,41,0.763032523419338
16,41,1.0
17,41,0.9993947425133776
18,41,0.9051488153918813
19,41,0.7865917125577173
20,41,0.834722592384961
21,41,0.7583371926140245
22,41,
23,41,
24,41,
25,41,
26,41,
27,41,
28,41,
29,41,
30,41,
31,41,
32,41,
33,41,
34,41,
35,41,
36,41,
37,41,
0,42,
1,42,
2,42,
3,42,
4,42,
5,42,
6,42,
7,42,
8,42,0.9263970213995204
9,42,0.8658345904653605
10,42,0.8802690644645076
11,42,0.817148045064171
12,42,0.7581308548344942
13,42,0.7911378445193961
14,42,0.907854132945724
15,42,0.9298634960956307
16,42,1.0
17,42,0.8217929377455993
18,42,0.7556272897761923
19,42,1.0
20,42,
21,42,
22,42,
23,42,
24,42,
25,42,
26,42,
27,42,
28,42,
29,42,
30,42,
31,42,
32,42,
33,42,
34,42,
35,42,
36,42,
37,42,
0,43,
1,43,
2,43,
3,43,
4,43,
5,43,
6,43,
7,43,
8,43,
9,43,0.9970654182466792
10,43,0.8902466424257987
11,43,0.8791227434671166
12,43,0.8787146531920454
13,43,0.9266848020880242
14,43,0.9997065418246679
15,43,0.9248747071149852
16,43,0.9906093383893732
17,43,0.866985496746741
18,43,0.9653214971869283
19,43,0.8789943555154088
20,43,
21,43,
22,43,
23,43,
24,43,
25,43,
26,43,
27,43,
28,43,
29,43,
30,43,
31,43,
32,43,
33,43,
34,43,
35,43,
36,43,
37,43,
0,44,
1,44,
2,44,
3,44,
4,44,
5,44,
6,44,
7,44,
8,44,0.9243061319002792
9,44,0.8956756186694423
10,44,0.9812186767787463
11,44,0.8695578410648863
12,44,0.9530466919468658
13,44,1.0
14,44,1.0
15,44,0.8826167298671643
16,44,0.9851803621457295
17,44,0.9042134174580103
18,44,
19,44,
20,44,
21,44,
22,44,
23,44,
24,44,
25,44,
26,44,
27,44,
28,44,
29,44,
30,44,
31,44,
32,44,
33,44,
34,44,
35,44,
36,44,
37,44,
0,45,
1,45,
2,45,
3,45,
4,45,
5,45,
6,45,
7,45,
8,45,0.8497494142299703
9,45,0.9712410988174552
10,45,0.9625840826451586
11,45,0.9634644571711549
12,45,0.9694803497654627
13,45,0.8629182711306761
14,45,0.8820664957884167
15,45,0.9545139828235262
16,45,0.7759446831339499
17,45,0.3627188899944518
18,45,
19,45,
20,45,
21,45,
22,45,
23,45,
24,45,
25,45,
26,45,
27,45,
28,45,
29,45,
30,45,
31,45,
32,45,
33,45,
34,45,
35,45,
36,45,
37,45,
0,46,
1,46,
2,46,
3,46,
4,46,
5,46,
6,46,
7,46,
8,46,
9,46,0.8312615491840487
10,46,0.3958567373870301
11,46,0.8926539165203197
12,46,0.8526839959832913
13,46,0.7466800231594232
14,46,0.8737487906313478
15,46,0.6021394935095306
16,46,0.4381330557708092
17,46,
18,46,
19,46,
20,46,
21,46,
22,46,
23,46,
24,46,
25,46,
26,46,
27,46,
28,46,
29,46,
30,46,
31,46,
32,46,
33,46,
34,46,
35,46,
36,46,
37,46,
0,47,
1,47,
2,47,
3,47,
4,47,
5,47,
6,47,
7,47,
8,47,
9,47,0.636066206541618
10,47,0.8325261232779774
11,47,0.7891297754822583
12,47,0.9483875711095385
13,47,0.9858534878152112
14,47,0.8904798228120319
15,47,0.7645136980636149
16,47,0.4808659051015063
17,47,
18,47,
19,47,
20,47,
21,47,
22,47,
23,47,
24,47,
25,47,
26,47,
27,47,
28,47,
29,47,
30,47,
31,47,
32,47,
33,47,
34,47,
35,47,
36,47,
37,47,
0,48,
1,48,
2,48,
3,48,
4,48,
5,48,
6,48,
7,48,
8,48,0.5615734860538587
9,48,0.697151163057284
10,48,0.5099752853192963
11,48,0.856008326875725
12,48,0.8077848951574815
13,48,0.9976472966887538
14,48,0.7551091526853716
15,48,0.8154148077161159
16,48,0.619788251585362
17,48,
18,48,
19,48,
20,48,
21,48,
22,48,
23,48,
24,48,
25,48,
26,48,
27,48,
28,48,
29,48,
30,48,
31,48,
32,48,
33,48,
34,48,
35,48,
36,48,
37,48,
0,49,
1,49,
2,49,
3,49,
4,49,
5,49,
6,49,
7,49,0.8609008248925897
8,49,0.733833434973795
9,49,0.6177707266299538
10,49,0.9159242327673565
11,49,0.9948644819316884
12,49,0.9812186767787463
13,49,0.8933931312091609
14,49,0.8460811870383192
15,49,0.828913883781392
16,49,
17,49,
18,49,
19,49,
20,49,
21,49,
22,49,
23,49,
24,49,
25,49,
26,49,
27,49,
28,49,
29,49,
30,49,
31,49,
32,49,
33,49,
34,49,
35,49,
36,49,
37,49,
0,50,
1,50,
2,50,
3,50,
4,50,
5,50,
6,50,
7,50,0.9172447945563509
8,50,0.7777054321859425
9,50,0.6660445964720825
10,50,0.9719747442557854
11,50,0.9957448564576847
12,50,0.9369156628715799
13,50,0.7806012259789911
14,50,0.8722906703226664
15,50,0.605436312698027
16,50,
17,50,
18,50,
19,50,
20,50,
21,50,
22,50,
23,50,
24,50,
25,50,
26,50,
27,50,
28,50,
29,50,
30,50,
31,50,
32,50,
33,50,
34,50,
35,50,
36,50,
37,50,
0,51,
1,51,
2,51,
3,51,
4,51,
5,51,
6,51,0.7298526803356278
7,51,0.8821765426041662
8,51,0.842119501671336
9,51,0.911082172874377
10,51,0.9844467167073992
11,51,0.940721448582918
12,51,0.770213078146995
13,51,0.78713089669243
14,51,0.888939836488773
15,51,0.6720100509425051
16,51,
17,51,
18,51,
19,51,
20,51,
21,51,
22,51,
23,51,
24,51,
25,51,
26,51,
27,51,
28,51,
29,51,
30,51,
31,51,
32,51,
33,51,
34,51,
35,51,
36,51,
37,51,
0,52,
1,52,
2,52,
3,52,
4,52,
5,52,
6,52,0.9892657911424396
7,52,0.8742531718701998
8,52,0.96698595527514
9,52,0.953780337385196
10,52,0.9683065170641344
11,52,0.8795721012980939
12,52,0.5867742068605019
13,52,0.6514644659087776
14,52,0.745062795464237
15,52,
16,52,
17,52,
18,52,
19,52,
20,52,
21,52,
22,52,
23,52,
24,52,
25,52,
26,52,
27,52,
28,52,
29,52,
30,52,
31,52,
32,52,
33,52,
34,52,
35,52,
36,52,
37,52,
0,53,
1,53,
2,53,
3,53,
4,53,
5,53,
6,53,0.9222137467719256
7,53,0.9468840702648919
8,53,0.9298634960956307
9,53,0.9436560303362389
10,53,0.9684532461518004
11,53,0.9754595600878541
12,53,0.6926254877595844
13,53,0.6234342116146345
14,53,0.5859763674463178
15,53,
16,53,
17,53,
18,53,
19,53,
20,53,
21,53,
22,53,
23,53,
24,53,
25,53,
26,53,
27,53,
28,53,
29,53,
30,53,
31,53,
32,53,
33,53,
34,53,
35,53,
36,53,
37,53,
0,54,
1,54,
2,54,
3,54,
4,54,
5,54,
6,54,0.7629215863250383
7,54,0.9423357932561965
8,54,0.9620626591061565
9,54,0.9876483076159579
10,54,0.8717776695370872
11,54,0.9313304721030042
12,54,0.6010835301577966
13,54,0.628787599697913
14,54,0.9043387157548409
15,54,
16,54,
17,54,
18,54,
19,54,
20,54,
21,54,
22,54,
23,54,
24,54,
25,54,
26,54,
27,54,
28,54,
29,54,
30,54,
31,54,
32,54,
33,54,
34,54,
35,54,
36,54,
37,54,
0,55,
1,55,
2,55,
3,55,
4,55,
5,55,
6,55,0.7765621122864417
7,55,0.92166959360628
8,55,0.9906093383893732
9,55,0.983566342181403
10,55,0.9906093383893732
11,55,0.961813754934912
12,55,0.6958489424042478
13,55,0.7366626535920081
14,55,0.9214999380986661
15,55,
16,55,
17,55,
18,55,
19,55,
20,55,
21,55,
22,55,
23,55,
24,55,
25,55,
26,55,
27,55,
28,55,
29,55,
30,55,
31,55,
32,55,
33,55,
34,55,
35,55,
36,55,
37,55,
0,56,
1,56,
2,56,
3,56,
4,56,
5,56,
6,56,0.9002122947128507
7,56,0.9483513611415523
8,56,0.8283269674307279
9,56,0.6909885413753101
10,56,0.9285429343066363
11,56,0.9250581184745678
12,56,0.8610292128442976
13,56,0.669573848232256
14,56,0.7413166184447634
15,56,
16,56,
17,56,
18,56,
19,56,
20,56,
21,56,
22,56,
23,56,
24,56,
25,56,
26,56,
27,56,
28,56,
29,56,
30,56,
31,56,
32,56,
33,56,
34,56,
35,56,
36,56,
37,56,
0,57,
1,57,
2,57,
3,57,
4,57,
5,57,
6,57,0.9869130878311936
7,57,0.9416018231089143
8,57,0.9430691139855747
9,57,0.8940249164331993
10,57,0.659478469799027
11,57,0.8705666035425904
12,57,0.9488098895405087
13,57,0.6942680427530304
14,57,0.45469051625712437
15,57,
16,57,
17,57,
18,57,
19,57,
20,57,
21,57,
22,57,
23,57,
24,57,
25,57,
26,57,
27,57,
28,57,
29,57,
30,57,
31,57,
32,57,
33,57,
34,57,
35,57,
36,57,
37,57,
0,58,
1,58,
2,58,
3,58,
4,58,
5,58,
6,58,0.9885305713576752
7,58,0.967132684362806
8,58,0.9793111986390877
9,58,0.9043693171136554
10,58,0.9066436179724792
11,58,0.8105910889590947
12,58,0.7162076033179114
13,58,0.9354752736396137
14,58,0.678287304724218
15,58,
16,58,
17,58,
18,58,
19,58,
20,58,
21,58,
22,58,
23,58,
24,58,
25,58,
26,58,
27,58,
28,58,
29,58,
30,58,
31,58,
32,58,
33,58,
34,58,
35,58,
36,58,
37,58,
0,59,
1,59,
2,59,
3,59,
4,59,
5,59,
6,59,0.6984128442896398
7,59,0.7916446955142167
8,59,0.7985409626345208
9,59,0.9316242451476232
10,59,0.8187895767324349
11,59,0.9352924723392744
12,59,0.789737217374558
13,59,0.8879525048019042
14,59,0.40662756947851564
15,59,0.3680424047063355
16,59,
17,59,
18,59,
19,59,
20,59,
21,59,
22,59,
23,59,
24,59,
25,59,
26,59,
27,59,
28,59,
29,59,
30,59,
31,59,
32,59,
33,59,
34,59,
35,59,
36,59,
37,59,
0,60,
1,60,
2,60,
3,60,
4,60,
5,60,
6,60,0.9721121945391551
7,60,1.0
8,60,0.9944242946686903
9,60,1.0
10,60,0.9672794134504721
11,60,0.9107887146990449
12,60,0.973735493307778
13,60,0.8778064717721554
14,60,0.7806400139392633
15,60,0.5003874564971181
16,60,
17,60,
18,60,
19,60,
20,60,
21,60,
22,60,
23,60,
24,60,
25,60,
26,60,
27,60,
28,60,
29,60,
30,60,
31,60,
32,60,
33,60,
34,60,
35,60,
36,60,
37,60,
0,61,
1,61,
2,61,
3,61,
4,61,
5,61,
6,61,
7,61,0.9641212745034969
8,61,0.9791197581126908
9,61,0.8947165268217367
10,61,0.11287002233230096
11,61,0.9123755870270469
12,61,0.9817619542141879
13,61,0.8287728637477205
14,61,0.9303011644043341
15,61,0.6716830099897988
16,61,0.374075231364476
17,61,
18,61,
19,61,
20,61,
21,61,
22,61,
23,61,
24,61,
25,61,
26,61,
27,61,
28,61,
29,61,
30,61,
31,61,
32,61,
33,61,
34,61,
35,61,
36,61,
37,61,
0,62,
1,62,
2,62,
3,62,
4,62,
5,62,
6,62,
7,62,
8,62,0.8118933096121308
9,62,1.0
10,62,0.6713405994800288
11,62,0.9418815254322777
12,62,0.8069091059154748
13,62,0.8932414921285532
14,62,0.9528999628591996
15,62,0.8213986033224968
16,62,0.18403495820513643
17,62,
18,62,
19,62,
20,62,
21,62,
22,62,
23,62,
24,62,
25,62,
26,62,
27,62,
28,62,
29,62,
30,62,
31,62,
32,62,
33,62,
34,62,
35,62,
36,62,
37,62,
0,63,
1,63,
2,63,
3,63,
4,63,
5,63,
6,63,
7,63,
8,63,0.9179784399946811
9,63,0.9634827983071131
10,63,0.8715937071562527
11,63,0.934265368725612
12,63,0.9854738203210616
13,63,0.9106478205328505
14,63,0.9698700989045757
15,63,0.6362998592317816
16,63,
17,63,
18,63,
19,63,
20,63,
21,63,
22,63,
23,63,
24,63,
25,63,
26,63,
27,63,
28,63,
29,63,
30,63,
31,63,
32,63,
33,63,
34,63,
35,63,
36,63,
37,63,
0,64,
1,64,
2,64,
3,64,
4,64,
5,64,
6,64,
7,64,
8,64,0.8105727478231364
9,64,0.8865600740981893
10,64,0.9131547212376598
11,64,0.8836438334808266
12,64,0.9468840702648919
13,64,0.9939206514047293
14,64,0.729335271380033
15,64,0.4604817299359436
16,64,
17,64,
18,64,
19,64,
20,64,
21,64,
22,64,
23,64,
24,64,
25,64,
26,64,
27,64,
28,64,
29,64,
30,64,
31,64,
32,64,
33,64,
34,64,
35,64,
36,64,
37,64,
0,65,
1,65,
2,65,
3,65,
4,65,
5,65,
6,65,
7,65,
8,65,0.8584752096621104
9,65,0.8529086748987799
10,65,0.7832811375172521
11,65,0.9206470752766073
12,65,0.7043271325009515
13,65,0.6458354394316751
14,65,0.8067440356918506
15,65,
16,65,
17,65,
18,65,
19,65,
20,65,
21,65,
22,65,
23,65,
24,65,
25,65,
26,65,
27,65,
28,65,
29,65,
30,65,
31,65,
32,65,
33,65,
34,65,
35,65,
36,65,
37,65,
0,66,
1,66,
2,66,
3,66,
4,66,
5,66,
6,66,
7,66,
8,66,
9,66,
10,66,0.7926901402638372
11,66,0.687971424510177
12,66,0.26185639807601485
13,66,
14,66,
15,66,
16,66,
17,66,
18,66,
19,66,
20,66,
21,66,
22,66,
23,66,
24,66,
25,66,
26,66,
27,66,
28,66,
29,66,
30,66,
31,66,
32,66,
33,66,
34,66,
35,66,
36,66,
37,66,
0,67,
1,67,
2,67,
3,67,
4,67,
5,67,
6,67,
7,67,
8,67,
9,67,
10,67,0.6445121028570905
11,67,0.546808871607463
12,67,0.6596481253066409
13,67,
14,67,
15,67,
16,67,
17,67,
18,67,
19,67,
20,67,
21,67,
22,67,
23,67,
24,67,
25,67,
26,67,
27,67,
28,67,
29,67,
30,67,
31,67,
32,67,
33,67,
34,67,
35,67,
36,67,
37,67,
0,68,
1,68,
2,68,
3,68,
4,68,
5,68,
6,68,
7,68,
8,68,
9,68,
10,68,
11,68,
12,68,
13,68,
14,68,
15,68,
16,68,
17,68,
18,68,
19,68,
20,68,
21,68,
22,68,
23,68,
24,68,
25,68,
26,68,
27,68,
28,68,
29,68,
30,68,
31,68,
32,68,
33,68,
34,68,
35,68,
36,68,
37,68,
